average_congestion_ratio_mean,average_congestion_ratio_std,average_engaged_nodes_mean,average_engaged_nodes_std,average_queue_mean,average_queue_std,average_queue_utilization_after_mean,average_queue_utilization_after_std,average_queue_utilization_mean,average_queue_utilization_std,average_remaining_energy_mean,average_remaining_energy_std,completion_ratio_mean,completion_ratio_std,congested_node_rounds_mean,congested_node_rounds_std,drop_ratio_mean,drop_ratio_std,dropped_inactive_node_mean,dropped_inactive_node_std,dropped_queue_full_mean,dropped_queue_full_std,dropped_unavailable_node_mean,dropped_unavailable_node_std,energy_per_completed_task_mean,energy_per_completed_task_std,final_engaged_nodes_mean,final_engaged_nodes_std,maximum_queue_mean,maximum_queue_std,maximum_queue_utilization_mean,maximum_queue_utilization_std,maximum_remaining_energy_mean,maximum_remaining_energy_std,minimum_queue_mean,minimum_queue_std,minimum_remaining_energy_mean,minimum_remaining_energy_std,num_edge_nodes,num_iot_devices,num_rounds,peak_congested_nodes_mean,peak_congested_nodes_std,peak_congestion_ratio_mean,peak_congestion_ratio_std,queue_load_stddev_mean,queue_load_stddev_std,queued_tasks_mean,queued_tasks_std,redirected_tasks_mean,redirected_tasks_std,runs,runtime_seconds_mean,runtime_seconds_std,scheduler,throughput_mean,throughput_std,total_completed_mean,total_completed_std,total_dropped_mean,total_dropped_std,total_energy_consumed_mean,total_energy_consumed_std,total_generated_mean,total_generated_std,workload_mode
0.0,0.0,3.4333333333333336,0.5676462121975467,0.8266666666666667,0.22976101378778369,0.016533333333333334,0.004595220275755674,0.027466666666666667,0.004605954278411241,996.584,0.3254125586595068,0.5899242263149019,0.09186220544043312,0,0.0,0.0,0.0,0,0.0,0,0.0,0,0.0,2.0849466709760827,0.021580683325276413,3.9,0.8755950357709131,5.8,2.6997942308422114,0.136,0.05399588461684423,999.6999999999999,0.0,0,0.0,994.0,0.0,10,20,3,0,0.0,0.0,0.0,1.3353322231604579,0.4248048727166061,11.8,3.675746333890726,0,0.0,10,0.035700000007636845,0.028612545793977,Baseline,5.466666666666667,0.5708992257184502,16.4,1.7126976771553506,0,0.0,34.160000000000004,3.254125586595165,28.2,3.9665266081716046,scalability
0.0,0.0,6.766666666666667,0.737864787372622,2.96,0.5383559793425045,0.0592,0.01076711958685009,0.07566666666666667,0.010252370999486466,995.0070000000001,0.4658337805603485,0.3693255603320177,0.06101869218231647,0,0.0,0.0,0.0,0,0.0,0,0.0,0,0.0,2.02252466948344,0.012016786393785946,7.5,0.8498365855987975,13.4,3.9496835316262997,0.288,0.07899367063252599,999.1299999999999,1.282402259650035,0,0.0,994.0,0.0,10,50,3,0,0.0,0.0,0.0,3.1434187458367346,0.7647421804268065,43,7.615773105863909,0,0.0,10,0.029800000006798655,0.015626188855598952,Baseline,8.233333333333334,0.8172522465970352,24.7,2.4517567397911058,0,0.0,49.93,4.658337805603101,67.7,6.61731734835869,scalability
0.0,0.0,8.8,0.7235031376044312,7.066666666666666,0.7427011096474844,0.14133333333333334,0.014854022192949701,0.16033333333333333,0.014993825889839286,994.285,0.3004163777160144,0.2143822187979552,0.01842828430567644,0,0.0,0.0,0.0,0,0.0,0,0.0,0,0.0,2.0055614500442087,0.005977185400452952,9.3,0.6749485577105528,27.7,6.464432603785802,0.574,0.12928865207571605,996.66,2.7166973413400815,0.1,0.31622776601683794,994.0,0.0,10,100,3,0,0.0,0.0,0.0,5.7577758286137275,1.2186738361246618,105,9.321420969406375,0,0.0,10,0.04999999997671693,0.026221280590023224,Baseline,9.5,0.5270462766947299,28.5,1.5811388300841898,0,0.0,57.15,3.0041637771599605,133.5,9.228578799938084,scalability
0.08,0.04766135686561604,9.766666666666666,0.41722185234485754,15.46,0.7164383787997992,0.30920000000000003,0.014328767575995991,0.329,0.014275075403575905,994.057,0.12824022596496515,0.11222012538789584,0.00618801868087634,2.4,1.429840705968481,0.028172076630589266,0.028434317970200917,0,0.0,7.7,7.9589223167740775,0,0.0,2.0010591133004927,0.0023966134614258525,9.8,0.4216370213557839,47,3.681787005729087,0.96,0.07363574011458172,994.5699999999999,1.282402259650035,1.2,1.0327955589886446,994.0,0.0,10,200,3,1.9,0.9944289260117531,0.19,0.09944289260117531,10.079121662229666,1.8306166350351594,227.8,7.7430972843917925,0,0.0,10,0.1187000000034459,0.047291178423629024,Baseline,9.9,0.2249828525701842,29.7,0.6749485577105528,7.7,7.9589223167740775,59.43,1.2824022596500495,265.2,11.802071381282563,scalability
0.0,0.0,3.4333333333333336,0.5676462121975467,0.8266666666666667,0.22976101378778369,0.016533333333333334,0.004595220275755674,0.027466666666666667,0.004605954278411241,996.584,0.3254125586595068,0.5899242263149019,0.09186220544043312,0,0.0,0.0,0.0,0,0.0,0,0.0,0,0.0,2.0849466709760827,0.021580683325276413,3.9,0.8755950357709131,5.8,2.6997942308422114,0.136,0.05399588461684423,999.6999999999999,0.0,0,0.0,994.0,0.0,10,20,3,0,0.0,0.0,0.0,1.3353322231604579,0.4248048727166061,11.8,3.675746333890726,0,0.0,10,0.014000000013038517,0.01553490694460954,Congestion-Aware,5.466666666666667,0.5708992257184502,16.4,1.7126976771553506,0,0.0,34.160000000000004,3.254125586595165,28.2,3.9665266081716046,scalability
0.0,0.0,6.766666666666667,0.737864787372622,2.96,0.5383559793425045,0.0592,0.01076711958685009,0.07566666666666667,0.010252370999486466,995.0070000000001,0.4658337805603485,0.3693255603320177,0.06101869218231647,0,0.0,0.0,0.0,0,0.0,0,0.0,0,0.0,2.02252466948344,0.012016786393785946,7.5,0.8498365855987975,13.4,3.9496835316262997,0.288,0.07899367063252599,999.1299999999999,1.282402259650035,0,0.0,994.0,0.0,10,50,3,0,0.0,0.0,0.0,3.1434187458367346,0.7647421804268065,43,7.615773105863909,0,0.0,10,0.06109999999171123,0.07501770160588596,Congestion-Aware,8.233333333333334,0.8172522465970352,24.7,2.4517567397911058,0,0.0,49.93,4.658337805603101,67.7,6.61731734835869,scalability
0.0,0.0,8.8,0.7235031376044312,7.066666666666666,0.7427011096474844,0.14133333333333334,0.014854022192949701,0.16033333333333333,0.014993825889839286,994.285,0.3004163777160144,0.2143822187979552,0.01842828430567644,0,0.0,0.0,0.0,0,0.0,0,0.0,0,0.0,2.0055614500442087,0.005977185400452952,9.3,0.6749485577105528,27.7,6.464432603785802,0.574,0.12928865207571605,996.66,2.7166973413400815,0.1,0.31622776601683794,994.0,0.0,10,100,3,0,0.0,0.0,0.0,5.7577758286137275,1.2186738361246618,105,9.321420969406375,0,0.0,10,0.032800000032875684,0.011331372375131245,Congestion-Aware,9.5,0.5270462766947299,28.5,1.5811388300841898,0,0.0,57.15,3.0041637771599605,133.5,9.228578799938084,scalability
0.08,0.04766135686561604,9.866666666666667,0.2330686329267003,15.71,0.903907839724853,0.31420000000000003,0.018078156794497046,0.3340666666666667,0.018103815844957877,994.038,0.08011103405757401,0.11257854832696394,0.005488939200946532,2.4,1.429840705968481,0.0,0.0,0,0.0,0,0.0,0,0.0,2.0006896551724136,0.0014539207632957628,10,0.0,38.9,0.31622776601683794,0.798,0.006324555320336764,994.38,0.8011103405759799,1.2,1.0327955589886446,994.0,0.0,10,200,3,1.9,0.9944289260117531,0.19,0.09944289260117531,8.49705123274622,1.0763838489781161,235.4,11.880890351970914,21.2,13.998412608419411,10,0.09540000001434237,0.04648105947325135,Congestion-Aware,9.933333333333334,0.14054567378526156,29.8,0.4216370213557839,0,0.0,59.62,0.8011103405759888,265.2,11.802071381282563,scalability
0.0,0.0,0.9333333333333333,0.7665861471404596,0.09333333333333332,0.07665861471404595,0.0018666666666666666,0.0015331722942809193,0.019999999999999997,0.0032810717911629763,994.5319999999999,0.5721072160588561,0.9690402034006038,0.05061040360655527,0,0.0,0.0,0.0,0,0.0,0,0.0,0,0.0,2.0116942719116633,0.014124153998710896,1,1.699673171197595,0.8,0.4216370213557839,0.036000000000000004,0.008432740427115679,995.3299999999999,0.9177871939253202,0,0.0,994.0,0.0,10,20,3,0,0.0,0.0,0.0,0.16776767593274453,0.1099984698706282,1,1.699673171197595,25.5,3.3082388735465345,10,0.053199999977368864,0.0635431611592373,Energy-Aware Congestion,9.066666666666666,1.0036968702787747,27.2,3.011090610836324,0,0.0,54.68000000000001,5.721072160589013,28.2,3.9665266081716046,scalability
0.0,0.0,9.833333333333334,0.3600411499115477,2.586666666666667,0.49819427020410173,0.05173333333333333,0.009963885404082036,0.07173333333333333,0.009963885404082029,994.0,0.0,0.44756588033842964,0.050798726211766655,0,0.0,0.0,0.0,0,0.0,0,0.0,0,0.0,2.0,0.0,10,0.0,4.2,0.6324555320336759,0.10400000000000001,0.012649110640673514,994.0,0.0,0.9,0.5676462121975467,994.0,0.0,10,50,3,0,0.0,0.0,0.0,0.3784071288811807,0.12609610231664767,37.7,6.61731734835869,61.8,7.495183638696105,10,0.07650000000139698,0.036256033975516175,Energy-Aware Congestion,10.0,0.0,30,0.0,0,0.0,60.0,0.0,67.7,6.61731734835869,scalability
0.0,0.0,10.0,0.0,6.963333333333333,0.7624602802850424,0.13926666666666668,0.01524920560570086,0.15926666666666667,0.015249205605700847,994.0,0.0,0.22572714720348308,0.016242022237964993,0,0.0,0.0,0.0,0,0.0,0,0.0,0,0.0,2.0,0.0,10,0.0,10.9,0.9944289260117531,0.238,0.019888578520235064,994.0,0.0,3.3,0.6749485577105528,994.0,0.0,10,100,3,0,0.0,0.0,0.0,0.3727506673588505,0.09149898969751044,103.5,9.228578799938084,120.7,7.775317071062475,10,0.10630000000819564,0.05341254536626108,Energy-Aware Congestion,10.0,0.0,30,0.0,0,0.0,60.0,0.0,133.5,9.228578799938084,scalability
0.0,0.0,10.0,0.0,15.693333333333333,0.9029170832691447,0.3138666666666667,0.01805834166538288,0.33386666666666664,0.0180583416653829,994.0,0.0,0.11332307165213243,0.0050194604239690915,0,0.0,0.0,0.0,0,0.0,0,0.0,0,0.0,2.0,0.0,10,0.0,23.8,1.3165611772087666,0.496,0.026331223544175338,994.0,0.0,7.4,0.9660917830792959,994.0,0.0,10,200,3,0,0.0,0.0,0.0,0.3487438639292928,0.11115779201921153,235.2,11.802071381282563,238.2,7.612854625930772,10,0.23610000000335277,0.047025879391279495,Energy-Aware Congestion,10.0,0.0,30,0.0,0,0.0,60.0,0.0,265.2,11.802071381282563,scalability
