iot_devices,peak_congestion_ratio_mean,runtime_seconds_mean,scheduler,total_dropped_mean,total_energy_consumed_mean
20,0.0,0.10400000001148631,Baseline,0,36.56666666666667
50,0.0,0.04699999998168399,Baseline,0,47.96666666666667
100,0.0,0.0779999999795109,Baseline,0,58.1
200,0.16666666666666666,0.22933333332184702,Baseline,13,60.0
20,0.0,0.005333333315017323,Congestion-Aware,0,36.56666666666667
50,0.0,0.04699999998168399,Congestion-Aware,0,47.96666666666667
100,0.0,0.20333333332867673,Congestion-Aware,0,58.1
200,0.16666666666666666,0.171999999981684,Congestion-Aware,0,60.0
20,0.0,0.015333333363135656,Energy-Aware Congestion,0,56.833333333333336
50,0.0,0.19266666665983698,Energy-Aware Congestion,0,60.0
100,0.0,0.15100000007078052,Energy-Aware Congestion,0,60.0
200,0.0,0.49966666668963927,Energy-Aware Congestion,0,60.0
