completion_ratio_mean,iot_devices,peak_congestion_ratio_mean,runtime_seconds_mean,scheduler,total_dropped_mean,total_energy_consumed_mean
0.5899242263149019,20,0.0,0.023499999998603017,Baseline,0,34.160000000000004
0.3693255603320177,50,0.0,0.04039999999804422,Baseline,0,49.93
0.2143822187979552,100,0.0,0.05160000000614673,Baseline,0,57.15
0.11222012538789584,200,0.19,0.07489999999525025,Baseline,7.7,59.43
0.5899242263149019,20,0.0,0.006200000015087426,Congestion-Aware,0,34.160000000000004
0.3693255603320177,50,0.0,0.04710000000195578,Congestion-Aware,0,49.93
0.2143822187979552,100,0.0,0.026500000001396982,Congestion-Aware,0,57.15
0.11257854832696394,200,0.19,0.09209999999729916,Congestion-Aware,0,59.62
0.9690402034006038,20,0.0,0.029599999997299165,Energy-Aware Congestion,0,54.68000000000001
0.44756588033842964,50,0.0,0.03429999998770654,Energy-Aware Congestion,0,60.0
0.22572714720348308,100,0.0,0.1047999999835156,Energy-Aware Congestion,0,60.0
0.11332307165213243,200,0.0,0.17649999998975546,Energy-Aware Congestion,0,60.0
